simulation_time_s,source_time_s,altitude_m_agl,vertical_velocity_mps_reference,vertical_acceleration_mps2_gravity_removed,barometer_stddev_m,is_prepad
0.000000,0.000000,0.000000,0.000000,0.000000,1.500000,1
0.020000,0.000000,0.000000,0.000000,0.000000,1.500000,1
0.040000,0.000000,0.000000,0.000000,0.000000,1.500000,1
0.060000,0.000000,0.000000,0.000000,0.000000,1.500000,1
0.080000,0.000000,0.000000,0.000000,0.000000,1.500000,1
0.100000,0.000000,0.000000,0.000000,0.000000,1.500000,1
0.120000,0.000000,0.000000,0.000000,0.000000,1.500000,1
0.140000,0.000000,0.000000,0.000000,0.000000,1.500000,1
0.160000,0.000000,0.000000,0.000000,0.000000,1.500000,1
0.180000,0.000000,0.000000,0.000000,0.000000,1.500000,1
0.200000,0.000000,0.000000,0.000000,0.000000,1.500000,1
0.220000,0.000000,0.000000,0.000000,0.000000,1.500000,1
0.240000,0.000000,0.000000,0.000000,0.000000,1.500000,1
0.260000,0.000000,0.000000,0.000000,0.000000,1.500000,1
0.280000,0.000000,0.000000,0.000000,0.000000,1.500000,1
0.300000,0.000000,0.000000,0.000000,0.000000,1.500000,1
0.320000,0.000000,0.000000,0.000000,0.000000,1.500000,1
0.340000,0.000000,0.000000,0.000000,0.000000,1.500000,1
0.360000,0.000000,0.000000,0.000000,0.000000,1.500000,1
0.380000,0.000000,0.000000,0.000000,0.000000,1.500000,1
0.400000,0.000000,0.000000,0.000000,0.000000,1.500000,1
0.420000,0.000000,0.000000,0.000000,0.000000,1.500000,1
0.440000,0.000000,0.000000,0.000000,0.000000,1.500000,1
0.460000,0.000000,0.000000,0.000000,0.000000,1.500000,1
0.480000,0.000000,0.000000,0.000000,0.000000,1.500000,1
0.500000,0.000000,0.000000,0.000000,0.000000,1.500000,1
0.520000,0.000000,0.000000,0.000000,0.000000,1.500000,1
0.540000,0.000000,0.000000,0.000000,0.000000,1.500000,1
0.560000,0.000000,0.000000,0.000000,0.000000,1.500000,1
0.580000,0.000000,0.000000,0.000000,0.000000,1.500000,1
0.600000,0.000000,0.000000,0.000000,0.000000,1.500000,1
0.620000,0.000000,0.000000,0.000000,0.000000,1.500000,1
0.640000,0.000000,0.000000,0.000000,0.000000,1.500000,1
0.660000,0.000000,0.000000,0.000000,0.000000,1.500000,1
0.680000,0.000000,0.000000,0.000000,0.000000,1.500000,1
0.700000,0.000000,0.000000,0.000000,0.000000,1.500000,1
0.720000,0.000000,0.000000,0.000000,0.000000,1.500000,1
0.740000,0.000000,0.000000,0.000000,0.000000,1.500000,1
0.760000,0.000000,0.000000,0.000000,0.000000,1.500000,1
0.780000,0.000000,0.000000,0.000000,0.000000,1.500000,1
0.800000,0.000000,0.000000,0.000000,0.000000,1.500000,1
0.820000,0.000000,0.000000,0.000000,0.000000,1.500000,1
0.840000,0.000000,0.000000,0.000000,0.000000,1.500000,1
0.860000,0.000000,0.000000,0.000000,0.000000,1.500000,1
0.880000,0.000000,0.000000,0.000000,0.000000,1.500000,1
0.900000,0.000000,0.000000,0.000000,0.000000,1.500000,1
0.920000,0.000000,0.000000,0.000000,0.000000,1.500000,1
0.940000,0.000000,0.000000,0.000000,0.000000,1.500000,1
0.960000,0.000000,0.000000,0.000000,0.000000,1.500000,1
0.980000,0.000000,0.000000,0.000000,0.000000,1.500000,1
1.000000,0.000000,0.000000,0.381204,0.000000,1.500000,0
1.020000,0.020000,0.000000,0.000000,1.606100,1.500000,0
1.040000,0.040000,0.001465,0.211357,28.327430,1.500000,0
1.060000,0.060000,0.014730,1.256807,73.842550,1.500000,0
1.080000,0.080000,0.057480,3.183570,119.446730,1.500000,0
1.100000,0.100000,0.147717,6.004125,152.917133,1.500000,0
1.120000,0.120000,0.297400,9.011890,149.764300,1.500000,0
1.140000,0.140000,0.507400,11.964233,146.592600,1.500000,0
1.160000,0.160000,0.776100,14.876732,143.403000,1.500000,0
1.180000,0.180000,1.102300,17.766945,143.252300,1.500000,0
1.200000,0.200000,1.486896,20.596296,143.093633,1.500000,0
1.220000,0.220000,1.927822,23.465398,142.930767,1.500000,0
1.240000,0.240000,2.428163,26.325729,143.504700,1.500000,0
1.260000,0.260000,2.990492,29.206402,144.259586,1.500000,0
1.280000,0.280000,3.596478,32.116032,145.006276,1.500000,0
1.300000,0.300000,4.270359,35.028179,145.946483,1.500000,0
1.320000,0.320000,5.009340,37.959637,147.017728,1.500000,0
1.340000,0.340000,5.786467,40.893951,148.085608,1.500000,0
1.360000,0.360000,6.639100,43.843606,148.712695,1.500000,0
1.380000,0.380000,7.547834,46.814265,148.688729,1.500000,0
1.400000,0.400000,8.522989,49.785375,148.653405,1.500000,0
1.420000,0.420000,9.529435,52.763138,148.625077,1.500000,0
1.440000,0.440000,10.617166,55.748496,148.697762,1.500000,0
1.460000,0.460000,11.768735,58.730794,148.761942,1.500000,0
1.480000,0.480000,12.964104,61.712140,148.819375,1.500000,0
1.500000,0.500000,14.226665,64.707768,148.521313,1.500000,0
1.520000,0.520000,15.567644,67.676260,148.191710,1.500000,0
1.540000,0.540000,16.936332,70.616213,147.857142,1.500000,0
1.560000,0.560000,18.380192,73.557202,147.551927,1.500000,0
1.580000,0.580000,19.891515,76.488782,147.247818,1.500000,0
1.600000,0.600000,21.442084,79.412291,146.935872,1.500000,0
1.620000,0.620000,23.064150,82.341918,146.346586,1.500000,0
1.640000,0.640000,24.731156,85.250904,145.485200,1.500000,0
1.660000,0.660000,26.483711,88.141714,144.606200,1.500000,0
1.680000,0.680000,28.272928,91.046451,143.785472,1.500000,0
1.700000,0.700000,30.147688,93.904725,143.100712,1.500000,0
1.720000,0.720000,32.022448,96.739138,142.415952,1.500000,0
1.740000,0.740000,33.974886,99.548271,141.692238,1.500000,0
1.760000,0.760000,35.993419,102.360843,140.737852,1.500000,0
1.780000,0.780000,38.081800,105.140278,139.768900,1.500000,0
1.800000,0.800000,40.198500,107.926401,138.793791,1.500000,0
1.820000,0.820000,42.379048,110.687570,136.808416,1.500000,0
1.840000,0.840000,44.631838,113.394144,134.686013,1.500000,0
1.860000,0.860000,46.926502,116.080871,132.559804,1.500000,0
1.880000,0.880000,49.282508,118.680462,130.515552,1.500000,0
1.900000,0.900000,51.669855,121.258569,128.526806,1.500000,0
1.920000,0.920000,54.126927,123.798174,126.526682,1.500000,0
1.940000,0.940000,56.634630,126.286396,124.380628,1.500000,0
1.960000,0.960000,59.193142,128.726679,122.058023,1.500000,0
1.980000,0.980000,61.773186,131.159649,119.733629,1.500000,0
2.000000,1.000000,64.418566,133.530107,117.242531,1.500000,0
2.020000,1.020000,67.109228,135.831662,114.263856,1.500000,0
2.040000,1.040000,69.859280,138.096912,111.273738,1.500000,0
2.060000,1.060000,72.630200,140.292781,108.279600,1.500000,0
2.080000,1.080000,75.489120,142.425824,105.499080,1.500000,0
2.100000,1.100000,78.348040,144.519593,102.718560,1.500000,0
2.120000,1.120000,81.239786,146.583899,99.936157,1.500000,0
2.140000,1.140000,84.192014,148.551202,97.440786,1.500000,0
2.160000,1.160000,87.188943,150.437022,95.011857,1.500000,0
2.180000,1.180000,90.205474,152.305805,92.579370,1.500000,0
2.200000,1.200000,93.276091,154.108253,90.195044,1.500000,0
2.220000,1.220000,96.380214,155.848967,87.849314,1.500000,0
2.240000,1.240000,99.508827,157.586963,85.502738,1.500000,0
2.260000,1.260000,102.678842,159.273627,83.205800,1.500000,0
2.280000,1.280000,105.877948,160.900098,80.985800,1.500000,0
2.300000,1.300000,109.119333,162.564578,78.773597,1.500000,0
2.320000,1.320000,112.374309,164.263115,76.533403,1.500000,0
2.340000,1.340000,115.676396,165.726453,74.027432,1.500000,0
2.360000,1.360000,118.997121,167.286830,71.520832,1.500000,0
2.380000,1.380000,122.348911,168.523540,69.013182,1.500000,0
2.400000,1.400000,125.740907,169.722481,58.982763,1.500000,0
2.420000,1.420000,129.135019,170.652072,48.556407,1.500000,0
2.440000,1.440000,132.559346,171.537565,38.163015,1.500000,0
2.460000,1.460000,136.003804,172.082142,25.585515,1.500000,0
2.480000,1.480000,139.452925,172.273961,13.792975,1.500000,0
2.500000,1.500000,142.903708,172.499004,9.957192,1.500000,0
2.520000,1.520000,146.354171,172.314277,-10.688139,1.500000,0
2.540000,1.540000,149.804313,172.240478,-15.985817,1.500000,0
2.560000,1.560000,153.248824,171.729827,-21.296784,1.500000,0
2.580000,1.580000,156.681009,171.281098,-25.445542,1.500000,0
2.600000,1.600000,160.102647,170.880658,-26.045308,1.500000,0
2.620000,1.620000,163.517334,170.362977,-26.647269,1.500000,0
2.640000,1.640000,166.926100,169.862524,-27.251100,1.500000,0
2.660000,1.660000,170.311448,169.347447,-27.125100,1.500000,0
2.680000,1.680000,173.696796,168.830046,-26.999100,1.500000,0
2.700000,1.700000,177.064456,168.301447,-26.880688,1.500000,0
2.720000,1.720000,180.424536,167.773297,-26.765528,1.500000,0
2.740000,1.740000,183.779280,167.230331,-26.652464,1.500000,0
2.760000,1.760000,187.112680,166.699195,-26.547784,1.500000,0
2.780000,1.780000,190.446080,166.169349,-26.443104,1.500000,0
2.800000,1.800000,193.761000,165.626557,-26.328596,1.500000,0
2.820000,1.820000,197.068000,165.098552,-26.209876,1.500000,0
2.840000,1.840000,200.369776,164.570926,-26.089388,1.500000,0
2.860000,1.860000,203.650656,164.048824,-25.961828,1.500000,0
2.880000,1.880000,206.931536,163.529438,-25.834268,1.500000,0
2.900000,1.900000,210.194384,163.008548,-25.722080,1.500000,0
2.920000,1.920000,213.449504,162.493727,-25.616480,1.500000,0
2.940000,1.940000,216.699186,161.984376,-25.509577,1.500000,0
2.960000,1.960000,219.927115,161.474890,-25.397463,1.500000,0
2.980000,1.980000,223.155045,160.968371,-25.285348,1.500000,0
3.000000,2.000000,226.363361,160.470508,-25.185690,1.500000,0
3.020000,2.020000,229.570201,159.969394,-25.086970,1.500000,0
3.040000,2.040000,232.766274,159.477568,-24.990693,1.500000,0
3.060000,2.060000,235.948074,158.982056,-24.897653,1.500000,0
3.080000,2.080000,239.129874,158.488486,-24.804613,1.500000,0
3.100000,2.100000,242.288610,158.002867,-24.698218,1.500000,0
3.120000,2.120000,245.445610,157.514099,-24.590818,1.500000,0
3.140000,2.140000,248.592066,157.027575,-24.481664,1.500000,0
3.160000,2.160000,251.724546,156.542507,-24.370184,1.500000,0
3.180000,2.180000,254.857026,156.058737,-24.258704,1.500000,0
3.200000,2.200000,257.966963,155.567866,-24.157900,1.500000,0
3.220000,2.220000,261.075203,155.085739,-24.057900,1.500000,0
3.240000,2.240000,264.173140,154.606860,-23.959603,1.500000,0
3.260000,2.260000,267.257420,154.128769,-23.863563,1.500000,0
3.280000,2.280000,270.341700,153.652575,-23.767523,1.500000,0
3.300000,2.300000,273.403958,153.179250,-23.675054,1.500000,0
3.320000,2.320000,276.464558,152.706911,-23.582854,1.500000,0
3.340000,2.340000,279.515044,152.236798,-23.493079,1.500000,0
3.360000,2.360000,282.552124,151.768179,-23.406519,1.500000,0
3.380000,2.380000,285.589204,151.301341,-23.319959,1.500000,0
3.400000,2.400000,288.604597,150.836526,-23.230163,1.500000,0
3.420000,2.420000,291.618357,150.373251,-23.140123,1.500000,0
3.440000,2.440000,294.622192,149.911761,-23.048896,1.500000,0
3.460000,2.460000,297.612872,149.451983,-22.956096,1.500000,0
3.480000,2.480000,300.603552,148.993968,-22.863296,1.500000,0
3.500000,2.500000,303.572991,148.537913,-22.775406,1.500000,0
3.520000,2.520000,306.540831,148.083380,-22.687886,1.500000,0
3.540000,2.540000,309.498953,147.631312,-22.602207,1.500000,0
3.560000,2.560000,312.444193,147.180279,-22.518967,1.500000,0
3.580000,2.580000,315.389433,146.730939,-22.435727,1.500000,0
3.600000,2.600000,318.313841,146.283994,-22.353454,1.500000,0
3.620000,2.620000,321.236681,145.838045,-22.271254,1.500000,0
3.640000,2.640000,324.149958,145.394106,-22.188400,1.500000,0
3.660000,2.660000,327.050558,144.951466,-22.104680,1.500000,0
3.680000,2.680000,329.951158,144.510429,-22.020960,1.500000,0
3.700000,2.700000,332.831335,144.071244,-21.941109,1.500000,0
3.720000,2.720000,335.709975,143.633418,-21.861549,1.500000,0
3.740000,2.740000,338.579241,143.197523,-21.782918,1.500000,0
3.760000,2.760000,341.436081,142.762854,-21.705518,1.500000,0
3.780000,2.780000,344.292921,142.329741,-21.628118,1.500000,0
3.800000,2.800000,347.129636,141.898500,-21.549416,1.500000,0
3.820000,2.820000,349.964836,141.468503,-21.470616,1.500000,0
3.840000,2.840000,352.790834,141.040116,-21.392745,1.500000,0
3.860000,2.860000,355.604634,140.613213,-21.316105,1.500000,0
3.880000,2.880000,358.418434,140.187834,-21.239465,1.500000,0
3.900000,2.900000,361.212518,139.764182,-21.165652,1.500000,0
3.920000,2.920000,364.005118,139.341817,-21.092052,1.500000,0
3.940000,2.940000,366.788671,138.921513,-21.017833,1.500000,0
3.960000,2.960000,369.560231,138.502159,-20.942793,1.500000,0
3.980000,2.980000,372.331791,138.084270,-20.867753,1.500000,0
4.000000,3.000000,375.083932,137.668498,-20.794015,1.500000,0
4.020000,3.020000,377.834612,137.253523,-20.720375,1.500000,0
4.040000,3.040000,380.576417,136.840348,-20.647853,1.500000,0
4.060000,3.060000,383.306457,136.428216,-20.576813,1.500000,0
4.080000,3.080000,386.036497,136.017466,-20.505773,1.500000,0
4.100000,3.100000,388.747528,135.608364,-20.438713,1.500000,0
4.120000,3.120000,391.457128,135.200404,-20.371953,1.500000,0
4.140000,3.140000,394.157973,134.794100,-20.306896,1.500000,0
4.160000,3.160000,396.847213,134.388893,-20.244096,1.500000,0
4.180000,3.180000,399.536453,133.985021,-20.181296,1.500000,0
4.200000,3.200000,402.206944,133.582605,-20.112767,1.500000,0
4.220000,3.220000,404.876024,133.181412,-20.043807,1.500000,0
4.240000,3.240000,407.536504,132.781622,-19.974761,1.500000,0
4.260000,3.260000,410.185584,132.383044,-19.905601,1.500000,0
4.280000,3.280000,412.834664,131.985789,-19.836441,1.500000,0
4.300000,3.300000,415.465330,131.590159,-19.769699,1.500000,0
4.320000,3.320000,418.094610,131.195516,-19.703139,1.500000,0
4.340000,3.340000,420.715445,130.802801,-19.638058,1.500000,0
4.360000,3.360000,423.325085,130.410779,-19.574938,1.500000,0
4.380000,3.380000,425.934725,130.020005,-19.511818,1.500000,0
4.400000,3.400000,428.526212,129.630988,-19.451191,1.500000,0
4.420000,3.420000,431.116332,129.242712,-19.390751,1.500000,0
4.440000,3.440000,433.698144,128.855928,-19.330913,1.500000,0
4.460000,3.460000,436.268944,128.470096,-19.271873,1.500000,0
4.480000,3.480000,438.839744,128.085448,-19.212833,1.500000,0
4.500000,3.500000,441.392688,127.702133,-19.154611,1.500000,0
4.520000,3.520000,443.944288,127.319854,-19.096451,1.500000,0
4.540000,3.540000,446.487701,126.938841,-19.038033,1.500000,0
4.560000,3.560000,449.020261,126.558916,-18.979273,1.500000,0
4.580000,3.580000,451.552821,126.180155,-18.920513,1.500000,0
4.600000,3.600000,454.067785,125.802685,-18.860972,1.500000,0
4.620000,3.620000,456.581425,125.426251,-18.801372,1.500000,0
4.640000,3.640000,459.086998,125.051144,-18.742202,1.500000,0
4.660000,3.660000,461.581878,124.676995,-18.683602,1.500000,0
4.680000,3.680000,464.076758,124.303987,-18.625002,1.500000,0
4.700000,3.700000,466.554340,123.932239,-18.567555,1.500000,0
4.720000,3.720000,469.030620,123.561520,-18.510195,1.500000,0
4.740000,3.740000,471.498954,123.192077,-18.454383,1.500000,0
4.760000,3.760000,473.956754,122.823629,-18.400623,1.500000,0
4.780000,3.780000,476.414554,122.456300,-18.346863,1.500000,0
4.800000,3.800000,478.855316,122.090380,-18.294666,1.500000,0
4.820000,3.820000,481.294796,121.725284,-18.242586,1.500000,0
4.840000,3.840000,483.726450,121.361331,-18.188442,1.500000,0
4.860000,3.860000,486.147730,120.998438,-18.131562,1.500000,0
4.880000,3.880000,488.569010,120.636637,-18.074682,1.500000,0
4.900000,3.900000,490.973476,120.276128,-18.018248,1.500000,0
4.920000,3.920000,493.376676,119.916492,-17.961848,1.500000,0
4.940000,3.940000,495.772188,119.558396,-17.907134,1.500000,0
4.960000,3.960000,498.157508,119.200902,-17.854654,1.500000,0
4.980000,3.980000,500.542828,118.844449,-17.802174,1.500000,0
5.000000,4.000000,502.911594,118.489752,-17.751479,1.500000,0
5.020000,4.020000,505.279114,118.135340,-17.700919,1.500000,0
5.040000,4.040000,507.639031,117.782428,-17.651047,1.500000,0
5.060000,4.060000,509.988871,117.430029,-17.602087,1.500000,0
5.080000,4.080000,512.338711,117.078571,-17.553127,1.500000,0
5.100000,4.100000,514.672295,116.728299,-17.504539,1.500000,0
5.120000,4.120000,517.004655,116.378764,-17.455979,1.500000,0
5.140000,4.140000,519.329516,116.030083,-17.409621,1.500000,0
5.160000,4.160000,521.644436,115.682412,-17.366181,1.500000,0
5.180000,4.180000,523.959356,115.335667,-17.322741,1.500000,0
5.200000,4.200000,526.258168,114.989756,-17.279412,1.500000,0
5.220000,4.220000,528.555768,114.644883,-17.236092,1.500000,0
5.240000,4.240000,530.845955,114.300582,-17.190313,1.500000,0
5.260000,4.260000,533.126315,113.957565,-17.141273,1.500000,0
5.280000,4.280000,535.406675,113.615510,-17.092233,1.500000,0
5.300000,4.300000,537.671188,113.274243,-17.041965,1.500000,0
5.320000,4.320000,539.934508,112.934063,-16.991605,1.500000,0
5.340000,4.340000,542.190535,112.595229,-16.942380,1.500000,0
5.360000,4.360000,544.436895,112.256986,-16.894660,1.500000,0
5.380000,4.380000,546.683255,111.919692,-16.846940,1.500000,0
5.400000,4.400000,548.913954,111.583816,-16.800113,1.500000,0
5.420000,4.420000,551.143474,111.248411,-16.753353,1.500000,0
5.440000,4.440000,553.365804,110.914401,-16.707402,1.500000,0
5.460000,4.460000,555.578604,110.580841,-16.662522,1.500000,0
5.480000,4.480000,557.791404,110.248153,-16.617642,1.500000,0
5.500000,4.500000,559.988803,109.916764,-16.574770,1.500000,0
5.520000,4.520000,562.185043,109.585803,-16.532050,1.500000,0
5.540000,4.540000,564.374180,109.256262,-16.490156,1.500000,0
5.560000,4.560000,566.553900,108.927000,-16.449356,1.500000,0
5.580000,4.580000,568.733620,108.598530,-16.408556,1.500000,0
5.600000,4.600000,570.898088,108.271259,-16.368240,1.500000,0
5.620000,4.620000,573.061408,107.944383,-16.327960,1.500000,0
5.640000,4.640000,575.217727,107.618307,-16.289021,1.500000,0
5.660000,4.660000,577.364767,107.292978,-16.251861,1.500000,0
5.680000,4.680000,579.511807,106.968404,-16.214701,1.500000,0
5.700000,4.700000,581.643781,106.644292,-16.179662,1.500000,0
5.720000,4.720000,583.774621,106.321260,-16.144782,1.500000,0
5.740000,4.740000,585.898530,105.998852,-16.108422,1.500000,0
5.760000,4.760000,588.013250,105.677382,-16.070102,1.500000,0
5.780000,4.780000,590.127970,105.356701,-16.031782,1.500000,0
5.800000,4.800000,592.227772,105.036349,-15.991788,1.500000,0
5.820000,4.820000,594.326452,104.717254,-15.951668,1.500000,0
5.840000,4.840000,596.418287,104.398806,-15.909054,1.500000,0
5.860000,4.860000,598.501047,104.081314,-15.863134,1.500000,0
5.880000,4.880000,600.583807,103.764665,-15.817214,1.500000,0
5.900000,4.900000,602.651873,103.449186,-15.774345,1.500000,0
5.920000,4.920000,604.718833,103.134165,-15.731705,1.500000,0
5.940000,4.940000,606.779050,102.820538,-15.690200,1.500000,0
5.960000,4.960000,608.830330,102.507153,-15.650200,1.500000,0
5.980000,4.980000,610.881610,102.194539,-15.610200,1.500000,0
6.000000,5.000000,612.918345,101.883265,-15.572544,1.500000,0
6.020000,5.020000,614.953985,101.572208,-15.535064,1.500000,0
6.040000,5.040000,616.982986,101.262365,-15.498684,1.500000,0
6.060000,5.060000,619.003186,100.952786,-15.463764,1.500000,0
6.080000,5.080000,621.023386,100.643895,-15.428844,1.500000,0
6.100000,5.100000,623.029227,100.335984,-15.396231,1.500000,0
6.120000,5.120000,625.033987,100.028479,-15.363791,1.500000,0
6.140000,5.140000,627.032142,99.721573,-15.331385,1.500000,0
6.160000,5.160000,629.021542,99.415427,-15.299025,1.500000,0
6.180000,5.180000,631.010942,99.109946,-15.266665,1.500000,0
6.200000,5.200000,632.986169,98.804996,-15.232148,1.500000,0
6.220000,5.220000,634.960329,98.500864,-15.197468,1.500000,0
6.240000,5.240000,636.927970,98.196948,-15.163510,1.500000,0
6.260000,5.260000,638.886970,97.894151,-15.130510,1.500000,0
6.280000,5.280000,640.845970,97.592069,-15.097510,1.500000,0
6.300000,5.300000,642.790908,97.290374,-15.061348,1.500000,0
6.320000,5.320000,644.734788,96.989744,-15.024948,1.500000,0
6.340000,5.340000,646.672218,96.689698,-14.987912,1.500000,0
6.360000,5.360000,648.601098,96.390520,-14.950032,1.500000,0
6.380000,5.380000,650.529978,96.092097,-14.912152,1.500000,0
6.400000,5.400000,652.445020,95.794544,-14.874792,1.500000,0
6.420000,5.420000,654.359020,95.497574,-14.837472,1.500000,0
6.440000,5.440000,656.266639,95.201843,-14.800978,1.500000,0
6.460000,5.460000,658.165799,94.906348,-14.765578,1.500000,0
6.480000,5.480000,660.064959,94.611560,-14.730178,1.500000,0
6.500000,5.500000,661.950466,94.318402,-14.698647,1.500000,0
6.520000,5.520000,663.834946,94.025003,-14.667407,1.500000,0
6.540000,5.540000,665.713148,93.733152,-14.635823,1.500000,0
6.560000,5.560000,667.583028,93.441045,-14.603783,1.500000,0
6.580000,5.580000,669.452908,93.149502,-14.571743,1.500000,0
6.600000,5.600000,671.309248,92.859393,-14.541600,1.500000,0
6.620000,5.620000,673.164568,92.568981,-14.511600,1.500000,0
6.640000,5.640000,675.013661,92.279467,-14.484300,1.500000,0
6.660000,5.660000,676.854501,91.990116,-14.460580,1.500000,0
6.680000,5.680000,678.695341,91.701222,-14.436860,1.500000,0
6.700000,5.700000,680.522789,91.412526,-14.416079,1.500000,0
6.720000,5.720000,682.349229,91.124599,-14.395519,1.500000,0
6.740000,5.740000,684.169477,90.836560,-14.373188,1.500000,0
6.760000,5.760000,685.981517,90.549608,-14.348508,1.500000,0
6.780000,5.780000,687.793557,90.263179,-14.323828,1.500000,0
6.800000,5.800000,689.592280,89.976719,-14.297250,1.500000,0
6.820000,5.820000,691.390000,89.691336,-14.270530,1.500000,0
6.840000,5.840000,693.181579,89.405845,-14.242624,1.500000,0
6.860000,5.860000,694.965019,89.121556,-14.213144,1.500000,0
6.880000,5.880000,696.748459,88.837887,-14.183664,1.500000,0
6.900000,5.900000,698.518730,88.554363,-14.150389,1.500000,0
6.920000,5.920000,700.288010,88.271914,-14.116829,1.500000,0
6.940000,5.940000,702.051236,87.990039,-14.082151,1.500000,0
6.960000,5.960000,703.806436,87.708897,-14.045991,1.500000,0
6.980000,5.980000,705.561636,87.428423,-14.009831,1.500000,0
7.000000,6.000000,707.303816,87.148667,-13.975159,1.500000,0
7.020000,6.020000,709.045016,86.869519,-13.940599,1.500000,0
7.040000,6.040000,710.780213,86.591475,-13.907553,1.500000,0
7.060000,6.060000,712.507453,86.313639,-13.876513,1.500000,0
7.080000,6.080000,714.234693,86.036432,-13.845473,1.500000,0
7.100000,6.100000,715.949099,85.760447,-13.816367,1.500000,0
7.120000,6.120000,717.662539,85.484457,-13.787407,1.500000,0
7.140000,6.140000,719.370062,85.209676,-13.759152,1.500000,0
7.160000,6.160000,721.069742,84.934874,-13.731832,1.500000,0
7.180000,6.180000,722.769422,84.660608,-13.704512,1.500000,0
7.200000,6.200000,724.456380,84.387737,-13.678866,1.500000,0
7.220000,6.220000,726.142380,84.114532,-13.653346,1.500000,0
7.240000,6.240000,727.822532,83.842408,-13.628841,1.500000,0
7.260000,6.260000,729.494932,83.570186,-13.605681,1.500000,0
7.280000,6.280000,731.167332,83.298380,-13.582521,1.500000,0
7.300000,6.300000,732.827084,83.026899,-13.561928,1.500000,0
7.320000,6.320000,734.485884,82.755971,-13.541528,1.500000,0
7.340000,6.340000,736.138870,82.485172,-13.521472,1.500000,0
7.360000,6.360000,737.784150,82.215116,-13.501872,1.500000,0
7.380000,6.380000,739.429430,81.945502,-13.482272,1.500000,0
7.400000,6.400000,741.062211,81.675754,-13.462002,1.500000,0
7.420000,6.420000,742.694051,81.407046,-13.441682,1.500000,0
7.440000,6.440000,744.320095,81.138321,-13.418696,1.500000,0
7.460000,6.460000,745.938455,80.870557,-13.392176,1.500000,0
7.480000,6.480000,747.556815,80.603321,-13.365656,1.500000,0
7.500000,6.500000,749.162750,80.336461,-13.333147,1.500000,0
7.520000,6.520000,750.767750,80.070253,-13.300187,1.500000,0
7.540000,6.540000,752.367057,79.804639,-13.269326,1.500000,0
7.560000,6.560000,753.958817,79.539475,-13.241246,1.500000,0
7.580000,6.580000,755.550577,79.274851,-13.213166,1.500000,0
7.600000,6.600000,757.130024,79.011257,-13.187466,1.500000,0
7.620000,6.620000,758.708544,78.747679,-13.161946,1.500000,0
7.640000,6.640000,760.281422,78.485280,-13.137149,1.500000,0
7.660000,6.660000,761.846822,78.222750,-13.113309,1.500000,0
7.680000,6.680000,763.412222,77.960667,-13.089469,1.500000,0
7.700000,6.700000,764.965458,77.699431,-13.068344,1.500000,0
7.720000,6.720000,766.517778,77.438250,-13.047424,1.500000,0
7.740000,6.740000,768.064490,77.177742,-13.027777,1.500000,0
7.760000,6.760000,769.603770,76.917406,-13.009817,1.500000,0
7.780000,6.780000,771.143050,76.657465,-12.991857,1.500000,0
7.800000,6.800000,772.670278,76.398050,-12.973228,1.500000,0
7.820000,6.820000,774.196598,76.138928,-12.954548,1.500000,0
7.840000,6.840000,775.717345,75.879730,-12.936384,1.500000,0
7.860000,6.860000,777.230705,75.621399,-12.918904,1.500000,0
7.880000,6.880000,778.744065,75.363486,-12.901424,1.500000,0
7.900000,6.900000,780.245446,75.105656,-12.880596,1.500000,0
7.920000,6.920000,781.745926,74.848581,-12.859516,1.500000,0
7.940000,6.940000,783.240885,74.591805,-12.835443,1.500000,0
7.960000,6.960000,784.728525,74.335585,-12.807403,1.500000,0
7.980000,6.980000,786.216165,74.079824,-12.779363,1.500000,0
8.000000,7.000000,787.691901,73.824444,-12.754038,1.500000,0
8.020000,7.020000,789.166741,73.569573,-12.728918,1.500000,0
8.040000,7.040000,790.636112,73.315284,-12.704504,1.500000,0
8.060000,7.060000,792.098232,73.061343,-12.681024,1.500000,0
8.080000,7.080000,793.560352,72.807858,-12.657544,1.500000,0
8.100000,7.100000,795.010754,72.555142,-12.637523,1.500000,0
8.120000,7.120000,796.460274,72.302548,-12.617763,1.500000,0
8.140000,7.140000,797.904358,72.050623,-12.598089,1.500000,0
8.160000,7.160000,799.341238,71.798920,-12.578529,1.500000,0
8.180000,7.180000,800.778118,71.547627,-12.558969,1.500000,0
8.200000,7.200000,802.203318,71.297072,-12.538368,1.500000,0
8.220000,7.220000,803.627638,71.046599,-12.517688,1.500000,0
8.240000,7.240000,805.046591,70.796727,-12.498332,1.500000,0
8.260000,7.260000,806.458431,70.547016,-12.480732,1.500000,0
8.280000,7.280000,807.870271,70.297674,-12.463132,1.500000,0
8.300000,7.300000,809.270542,70.048883,-12.443784,1.500000,0
8.320000,7.320000,810.669942,69.800267,-12.424304,1.500000,0
8.340000,7.340000,812.063993,69.552423,-12.405821,1.500000,0
8.360000,7.360000,813.450953,69.304543,-12.388661,1.500000,0
8.380000,7.380000,814.837913,69.056984,-12.371501,1.500000,0
8.400000,7.400000,816.213415,68.809750,-12.354155,1.500000,0
8.420000,7.420000,817.588055,68.562856,-12.336795,1.500000,0
8.440000,7.440000,818.957380,68.316116,-12.320742,1.500000,0
8.460000,7.460000,820.319660,68.069865,-12.306422,1.500000,0
8.480000,7.480000,821.681940,67.823945,-12.292102,1.500000,0
8.500000,7.500000,823.032800,67.578253,-12.277113,1.500000,0
8.520000,7.520000,824.382800,67.332998,-12.262073,1.500000,0
8.540000,7.540000,825.727537,67.088063,-12.244590,1.500000,0
8.560000,7.560000,827.065297,66.843477,-12.223870,1.500000,0
8.580000,7.580000,828.403057,66.599234,-12.203150,1.500000,0
8.600000,7.600000,829.729434,66.355020,-12.185890,1.500000,0
8.620000,7.620000,831.054954,66.111465,-12.168890,1.500000,0
8.640000,7.640000,832.375262,65.868254,-12.152079,1.500000,0
8.660000,7.660000,833.688662,65.625436,-12.135519,1.500000,0
8.680000,7.680000,835.002062,65.382987,-12.118959,1.500000,0
8.700000,7.700000,836.304190,65.140857,-12.099088,1.500000,0
8.720000,7.720000,837.605470,64.899133,-12.078968,1.500000,0
8.740000,7.740000,838.901556,64.657681,-12.059330,1.500000,0
8.760000,7.760000,840.190756,64.416708,-12.040330,1.500000,0
8.780000,7.780000,841.479956,64.176115,-12.021330,1.500000,0
8.800000,7.800000,842.757959,63.935882,-12.003223,1.500000,0
8.820000,7.820000,844.035119,63.696049,-11.985183,1.500000,0
8.840000,7.840000,845.307153,63.456635,-11.967263,1.500000,0
8.860000,7.860000,846.572393,63.217534,-11.949503,1.500000,0
8.880000,7.880000,847.837633,62.978813,-11.931743,1.500000,0
8.900000,7.900000,849.091750,62.740626,-11.911714,1.500000,0
8.920000,7.920000,850.345030,62.502670,-11.891514,1.500000,0
8.940000,7.940000,851.593202,62.265423,-11.872002,1.500000,0
8.960000,7.960000,852.834602,62.028202,-11.853402,1.500000,0
8.980000,7.980000,854.076002,61.791321,-11.834802,1.500000,0
9.000000,8.000000,855.306428,61.554945,-11.818397,1.500000,0
9.020000,8.020000,856.536028,61.318751,-11.802157,1.500000,0
9.040000,8.040000,857.760554,61.082949,-11.786072,1.500000,0
9.060000,8.060000,858.978354,60.847413,-11.770192,1.500000,0
9.080000,8.080000,860.196154,60.612198,-11.754312,1.500000,0
9.100000,8.100000,861.403017,60.377489,-11.739362,1.500000,0
9.120000,8.120000,862.609057,60.142941,-11.724482,1.500000,0
9.140000,8.140000,863.810075,59.908838,-11.709636,1.500000,0
9.160000,8.160000,865.004435,59.674892,-11.694836,1.500000,0
9.180000,8.180000,866.198795,59.441244,-11.680036,1.500000,0
9.200000,8.200000,867.382255,59.207968,-11.664194,1.500000,0
9.220000,8.220000,868.564895,58.974902,-11.648274,1.500000,0
9.240000,8.240000,869.742547,58.742629,-11.633421,1.500000,0
9.260000,8.260000,870.913587,58.510137,-11.619981,1.500000,0
9.280000,8.280000,872.084627,58.277897,-11.606541,1.500000,0
9.300000,8.300000,873.244879,58.046289,-11.592692,1.500000,0
9.320000,8.320000,874.404319,57.814555,-11.578812,1.500000,0
9.340000,8.340000,875.558788,57.583245,-11.565207,1.500000,0
9.360000,8.360000,876.706668,57.351985,-11.551967,1.500000,0
9.380000,8.380000,877.854548,57.120931,-11.538727,1.500000,0
9.400000,8.400000,878.991678,56.890154,-11.530174,1.500000,0
9.420000,8.420000,880.127998,56.659552,-11.521974,1.500000,0
9.440000,8.440000,881.259381,56.428842,-11.514617,1.500000,0
9.460000,8.460000,882.384221,56.198638,-11.508377,1.500000,0
9.480000,8.480000,883.509061,55.968657,-11.502137,1.500000,0
9.500000,8.500000,884.623150,55.738576,-11.494781,1.500000,0
9.520000,8.520000,885.736430,55.509051,-11.487341,1.500000,0
9.540000,8.540000,886.844791,55.279439,-11.476100,1.500000,0
9.560000,8.560000,887.946631,55.050394,-11.459820,1.500000,0
9.580000,8.580000,889.048471,54.821625,-11.443540,1.500000,0
9.600000,8.600000,890.139672,54.592875,-11.425325,1.500000,0
9.620000,8.620000,891.230072,54.364650,-11.406965,1.500000,0
9.640000,8.640000,892.315570,54.136558,-11.389844,1.500000,0
9.660000,8.660000,893.394570,53.908909,-11.374364,1.500000,0
9.680000,8.680000,894.473570,53.681571,-11.358884,1.500000,0
9.700000,8.700000,895.542005,53.454568,-11.343366,1.500000,0
9.720000,8.720000,896.609645,53.227865,-11.327846,1.500000,0
9.740000,8.740000,897.672418,53.001344,-11.312344,1.500000,0
9.760000,8.760000,898.728738,52.775242,-11.296864,1.500000,0
9.780000,8.780000,899.785058,52.549459,-11.281384,1.500000,0
9.800000,8.800000,900.830887,52.323997,-11.266164,1.500000,0
9.820000,8.820000,901.875927,52.098855,-11.250964,1.500000,0
9.840000,8.840000,902.916134,51.874032,-11.235403,1.500000,0
9.860000,8.860000,903.949934,51.649530,-11.219363,1.500000,0
9.880000,8.880000,904.983734,51.425347,-11.203323,1.500000,0
9.900000,8.900000,906.007118,51.201632,-11.186762,1.500000,0
9.920000,8.920000,907.029718,50.978073,-11.170162,1.500000,0
9.940000,8.940000,908.047519,50.755085,-11.154525,1.500000,0
9.960000,8.960000,909.058959,50.532137,-11.140165,1.500000,0
9.980000,8.980000,910.070399,50.309477,-11.125805,1.500000,0
10.000000,9.000000,911.071498,50.087519,-11.113640,1.500000,0
10.020000,9.020000,912.071818,49.865417,-11.101640,1.500000,0
10.040000,9.040000,913.067373,49.643831,-11.089640,1.500000,0
10.060000,9.060000,914.056613,49.422266,-11.077640,1.500000,0
10.080000,9.080000,915.045853,49.200935,-11.065640,1.500000,0
10.100000,9.100000,916.024826,48.979983,-11.053752,1.500000,0
10.120000,9.120000,917.003026,48.759142,-11.041872,1.500000,0
10.140000,9.140000,917.976479,48.538800,-11.029372,1.500000,0
10.160000,9.160000,918.943639,48.318403,-11.016052,1.500000,0
10.180000,9.180000,919.910799,48.098206,-11.002732,1.500000,0
10.200000,9.200000,920.867729,47.878417,-10.992723,1.500000,0
10.220000,9.220000,921.823889,47.658612,-10.982963,1.500000,0
10.240000,9.240000,922.775319,47.439305,-10.974356,1.500000,0
10.260000,9.260000,923.720479,47.219859,-10.967276,1.500000,0
10.280000,9.280000,924.665639,47.000575,-10.960196,1.500000,0
10.300000,9.300000,925.600643,46.781789,-10.952818,1.500000,0
10.320000,9.320000,926.534883,46.562819,-10.945418,1.500000,0
10.340000,9.340000,927.464428,46.344011,-10.938087,1.500000,0
10.360000,9.360000,928.387748,46.125360,-10.930847,1.500000,0
10.380000,9.380000,929.311068,45.906838,-10.923607,1.500000,0
10.400000,9.400000,930.224195,45.688459,-10.917483,1.500000,0
10.420000,9.420000,931.136555,45.470210,-10.911443,1.500000,0
10.440000,9.440000,932.044236,45.251819,-10.905317,1.500000,0
10.460000,9.460000,932.945716,45.033835,-10.899077,1.500000,0
10.480000,9.480000,933.847196,44.816000,-10.892837,1.500000,0
10.500000,9.500000,934.738521,44.597710,-10.885258,1.500000,0
10.520000,9.520000,935.629081,44.380182,-10.877578,1.500000,0
10.540000,9.540000,936.514962,44.162562,-10.869433,1.500000,0
10.560000,9.560000,937.394642,43.945402,-10.860673,1.500000,0
10.580000,9.580000,938.274322,43.728461,-10.851913,1.500000,0
10.600000,9.600000,939.143958,43.511577,-10.838578,1.500000,0
10.620000,9.620000,940.012838,43.295072,-10.824898,1.500000,0
10.640000,9.640000,940.877040,43.078574,-10.812267,1.500000,0
10.660000,9.660000,941.735040,42.862517,-10.801027,1.500000,0
10.680000,9.680000,942.593040,42.646713,-10.789787,1.500000,0
10.700000,9.700000,943.441033,42.431161,-10.775124,1.500000,0
10.720000,9.720000,944.288273,42.215861,-10.760204,1.500000,0
10.740000,9.740000,945.130904,42.000818,-10.746110,1.500000,0
10.760000,9.760000,945.967424,41.786010,-10.733110,1.500000,0
10.780000,9.780000,946.803944,41.571455,-10.720110,1.500000,0
10.800000,9.800000,947.630457,41.357173,-10.707891,1.500000,0
10.820000,9.820000,948.456217,41.143118,-10.695731,1.500000,0
10.840000,9.840000,949.277384,40.929525,-10.682986,1.500000,0
10.860000,9.860000,950.092464,40.715991,-10.669466,1.500000,0
10.880000,9.880000,950.907544,40.502691,-10.655946,1.500000,0
10.900000,9.900000,951.712729,40.289639,-10.646146,1.500000,0
10.920000,9.920000,952.517169,40.076787,-10.636626,1.500000,0
10.940000,9.940000,953.317034,39.864384,-10.626642,1.500000,0
10.960000,9.960000,954.110834,39.651990,-10.616042,1.500000,0
10.980000,9.980000,954.904634,39.439811,-10.605442,1.500000,0
11.000000,10.000000,955.688576,39.228288,-10.594172,1.500000,0
11.020000,10.020000,956.471776,39.016536,-10.582852,1.500000,0
11.040000,10.040000,957.250435,38.805078,-10.572203,1.500000,0
11.060000,10.060000,958.023075,38.593701,-10.562443,1.500000,0
11.080000,10.080000,958.795715,38.382495,-10.552683,1.500000,0
11.100000,10.100000,959.558534,38.171757,-10.545750,1.500000,0
11.120000,10.120000,960.320614,37.960879,-10.539030,1.500000,0
11.140000,10.140000,961.078171,37.750395,-10.532534,1.500000,0
11.160000,10.160000,961.829731,37.539832,-10.526334,1.500000,0
11.180000,10.180000,962.581291,37.329397,-10.520134,1.500000,0
11.200000,10.200000,963.323067,37.119328,-10.515496,1.500000,0
11.220000,10.220000,964.064107,36.909139,-10.510976,1.500000,0
11.240000,10.240000,964.800624,36.699076,-10.505373,1.500000,0
11.260000,10.260000,965.531144,36.489120,-10.498333,1.500000,0
11.280000,10.280000,966.261664,36.279271,-10.491293,1.500000,0
11.300000,10.300000,966.982474,36.069417,-10.483844,1.500000,0
11.320000,10.320000,967.702554,35.859806,-10.476364,1.500000,0
11.340000,10.340000,968.418111,35.650146,-10.470672,1.500000,0
11.360000,10.360000,969.127671,35.440763,-10.467352,1.500000,0
11.380000,10.380000,969.837231,35.231507,-10.464032,1.500000,0
11.400000,10.400000,970.537082,35.022366,-10.456360,1.500000,0
11.420000,10.420000,971.236202,34.813353,-10.448360,1.500000,0
11.440000,10.440000,971.930815,34.604327,-10.440893,1.500000,0
11.460000,10.460000,972.619455,34.395567,-10.434133,1.500000,0
11.480000,10.480000,973.308095,34.186948,-10.427373,1.500000,0
11.500000,10.500000,973.987063,33.978400,-10.419981,1.500000,0
11.520000,10.520000,974.665303,33.770045,-10.412541,1.500000,0
11.540000,10.540000,975.339071,33.561814,-10.405582,1.500000,0
11.560000,10.560000,976.006911,33.353781,-10.399262,1.500000,0
11.580000,10.580000,976.674751,33.145895,-10.392942,1.500000,0
11.600000,10.600000,977.332919,32.938091,-10.385916,1.500000,0
11.620000,10.620000,977.990359,32.730495,-10.378836,1.500000,0
11.640000,10.640000,978.643327,32.522935,-10.372100,1.500000,0
11.660000,10.660000,979.290367,32.315652,-10.365820,1.500000,0
11.680000,10.680000,979.937407,32.108530,-10.359540,1.500000,0
11.700000,10.700000,980.574850,31.901327,-10.349651,1.500000,0
11.720000,10.720000,981.211570,31.694516,-10.339491,1.500000,0
11.740000,10.740000,981.843835,31.488047,-10.329159,1.500000,0
11.760000,10.760000,982.470195,31.281572,-10.318599,1.500000,0
11.780000,10.780000,983.096555,31.075266,-10.308039,1.500000,0
11.800000,10.800000,983.713354,30.869347,-10.299674,1.500000,0
11.820000,10.820000,984.329434,30.663376,-10.291474,1.500000,0
11.840000,10.840000,984.941077,30.457690,-10.283515,1.500000,0
11.860000,10.860000,985.546837,30.252038,-10.275875,1.500000,0
11.880000,10.880000,986.152597,30.046526,-10.268235,1.500000,0
11.900000,10.900000,986.748834,29.841226,-10.262901,1.500000,0
11.920000,10.920000,987.344354,29.635991,-10.257741,1.500000,0
11.940000,10.940000,987.935470,29.430808,-10.252168,1.500000,0
11.960000,10.960000,988.520750,29.225874,-10.246048,1.500000,0
11.980000,10.980000,989.106030,29.021078,-10.239928,1.500000,0
12.000000,11.000000,989.681750,28.816404,-10.234143,1.500000,0
12.020000,11.020000,990.256750,28.611870,-10.228383,1.500000,0
12.040000,11.040000,990.827364,28.407528,-10.221247,1.500000,0
12.060000,11.060000,991.392164,28.203274,-10.212287,1.500000,0
12.080000,11.080000,991.956964,27.999156,-10.203327,1.500000,0
12.100000,11.100000,992.512278,27.795291,-10.195037,1.500000,0
12.120000,11.120000,993.066878,27.591414,-10.186797,1.500000,0
12.140000,11.140000,993.617092,27.387794,-10.178677,1.500000,0
12.160000,11.160000,994.161492,27.184192,-10.170717,1.500000,0
12.180000,11.180000,994.705892,26.980709,-10.162757,1.500000,0
12.200000,11.200000,995.240880,26.777662,-10.158778,1.500000,0
12.220000,11.220000,995.775160,26.574419,-10.155098,1.500000,0
12.240000,11.240000,996.305054,26.371177,-10.152450,1.500000,0
12.260000,11.260000,996.829134,26.168133,-10.151170,1.500000,0
12.280000,11.280000,997.353214,25.965188,-10.149890,1.500000,0
12.300000,11.300000,997.867883,25.762370,-10.145224,1.500000,0
12.320000,11.320000,998.381843,25.559623,-10.140304,1.500000,0
12.340000,11.340000,998.891434,25.357023,-10.134628,1.500000,0
12.360000,11.360000,999.395234,25.154458,-10.127948,1.500000,0
12.380000,11.380000,999.899034,24.951986,-10.121268,1.500000,0
12.400000,11.400000,1000.393460,24.749392,-10.116187,1.500000,0
12.420000,11.420000,1000.887180,24.547117,-10.111227,1.500000,0
12.440000,11.440000,1001.376531,24.345009,-10.106542,1.500000,0
12.460000,11.460000,1001.860091,24.142964,-10.102222,1.500000,0
12.480000,11.480000,1002.343651,23.941025,-10.097902,1.500000,0
12.500000,11.500000,1002.817874,23.739059,-10.091983,1.500000,0
12.520000,11.520000,1003.291394,23.537326,-10.085943,1.500000,0
12.540000,11.540000,1003.760562,23.335782,-10.080023,1.500000,0
12.560000,11.560000,1004.223962,23.134272,-10.074263,1.500000,0
12.580000,11.580000,1004.687362,22.932872,-10.068503,1.500000,0
12.600000,11.600000,1005.141388,22.731621,-10.063115,1.500000,0
12.620000,11.620000,1005.594708,22.530424,-10.057755,1.500000,0
12.640000,11.640000,1006.043728,22.329362,-10.051845,1.500000,0
12.660000,11.660000,1006.487048,22.128405,-10.045205,1.500000,0
12.680000,11.680000,1006.930368,21.927552,-10.038565,1.500000,0
12.700000,11.700000,1007.364313,21.726763,-10.032892,1.500000,0
12.720000,11.720000,1007.797553,21.526106,-10.027292,1.500000,0
12.740000,11.740000,1008.226493,21.325676,-10.022569,1.500000,0
12.760000,11.760000,1008.649733,21.125253,-10.019009,1.500000,0
12.780000,11.780000,1009.072973,20.924926,-10.015449,1.500000,0
12.800000,11.800000,1009.486876,20.724679,-10.010922,1.500000,0
12.820000,11.820000,1009.900076,20.524535,-10.006322,1.500000,0
12.840000,11.840000,1010.308976,20.324536,-10.001034,1.500000,0
12.860000,11.860000,1010.712176,20.124566,-9.994834,1.500000,0
12.880000,11.880000,1011.115376,19.924690,-9.988634,1.500000,0
12.900000,11.900000,1011.509313,19.725056,-9.985187,1.500000,0
12.920000,11.920000,1011.902553,19.525388,-9.981947,1.500000,0
12.940000,11.940000,1012.291493,19.325756,-9.978156,1.500000,0
12.960000,11.960000,1012.674733,19.126261,-9.973636,1.500000,0
12.980000,11.980000,1013.057973,18.926853,-9.969116,1.500000,0
13.000000,12.000000,1013.431950,18.727415,-9.964857,1.500000,0
13.020000,12.020000,1013.805230,18.528208,-9.960617,1.500000,0
13.040000,12.040000,1014.174228,18.328984,-9.955895,1.500000,0
13.060000,12.060000,1014.537548,18.129949,-9.950535,1.500000,0
13.080000,12.080000,1014.900868,17.931019,-9.945175,1.500000,0
13.100000,12.100000,1015.254925,17.732164,-9.940485,1.500000,0
13.120000,12.120000,1015.608285,17.533422,-9.935845,1.500000,0
13.140000,12.140000,1015.957379,17.334790,-9.931480,1.500000,0
13.160000,12.160000,1016.300819,17.136275,-9.927480,1.500000,0
13.180000,12.180000,1016.644259,16.937868,-9.923480,1.500000,0
13.200000,12.200000,1016.978474,16.739769,-9.916095,1.500000,0
13.220000,12.220000,1017.311994,16.541554,-9.908455,1.500000,0
13.240000,12.240000,1017.641265,16.343640,-9.901451,1.500000,0
13.260000,12.260000,1017.964905,16.145620,-9.895291,1.500000,0
13.280000,12.280000,1018.288545,15.947675,-9.889131,1.500000,0
13.300000,12.300000,1018.602960,15.750040,-9.885203,1.500000,0
13.320000,12.320000,1018.916680,15.552247,-9.881443,1.500000,0
13.340000,12.340000,1019.226151,15.354575,-9.879334,1.500000,0
13.360000,12.360000,1019.529991,15.156904,-9.879414,1.500000,0
13.380000,12.380000,1019.833831,14.959284,-9.879494,1.500000,0
13.400000,12.400000,1020.128520,14.761707,-9.878496,1.500000,0
13.420000,12.420000,1020.422520,14.564201,-9.877416,1.500000,0
13.440000,12.440000,1020.712254,14.366844,-9.875665,1.500000,0
13.460000,12.460000,1020.996334,14.169432,-9.873025,1.500000,0
13.480000,12.480000,1021.280414,13.972064,-9.870385,1.500000,0
13.500000,12.500000,1021.555343,13.774740,-9.867001,1.500000,0
13.520000,12.520000,1021.829583,13.577477,-9.863561,1.500000,0
13.540000,12.540000,1022.099575,13.380007,-9.860224,1.500000,0
13.560000,12.560000,1022.363935,13.182832,-9.857024,1.500000,0
13.580000,12.580000,1022.628295,12.985722,-9.853824,1.500000,0
13.600000,12.600000,1022.883504,12.788732,-9.851852,1.500000,0
13.620000,12.620000,1023.138024,12.591720,-9.849972,1.500000,0
13.640000,12.640000,1023.388312,12.394800,-9.847386,1.500000,0
13.660000,12.660000,1023.632992,12.197928,-9.843866,1.500000,0
13.680000,12.680000,1023.877672,12.001113,-9.840346,1.500000,0
13.700000,12.700000,1024.113164,11.804354,-9.837124,1.500000,0
13.720000,12.720000,1024.347964,11.607635,-9.833924,1.500000,0
13.740000,12.740000,1024.578550,11.411084,-9.830844,1.500000,0
13.760000,12.760000,1024.803550,11.214481,-9.827924,1.500000,0
13.780000,12.780000,1025.028550,11.017926,-9.825004,1.500000,0
13.800000,12.800000,1025.244436,10.821325,-9.825432,1.500000,0
13.820000,12.820000,1025.459636,10.624879,-9.826112,1.500000,0
13.840000,12.840000,1025.670588,10.428169,-9.825588,1.500000,0
13.860000,12.860000,1025.875908,10.231862,-9.823468,1.500000,0
13.880000,12.880000,1026.081228,10.035633,-9.821348,1.500000,0
13.900000,12.900000,1026.277471,9.839185,-9.815880,1.500000,0
13.920000,12.920000,1026.473031,9.643126,-9.810160,1.500000,0
13.940000,12.940000,1026.664360,9.446989,-9.803168,1.500000,0
13.960000,12.960000,1026.850080,9.251077,-9.794488,1.500000,0
13.980000,12.980000,1027.035800,9.055284,-9.785808,1.500000,0
14.000000,13.000000,1027.212406,8.859694,-9.779248,1.500000,0
14.020000,13.020000,1027.388326,8.664108,-9.772848,1.500000,0
14.040000,13.040000,1027.560049,8.468732,-9.767325,1.500000,0
14.060000,13.060000,1027.726209,8.273393,-9.762965,1.500000,0
14.080000,13.080000,1027.892369,8.078158,-9.758605,1.500000,0
14.100000,13.100000,1028.049489,7.883053,-9.752088,1.500000,0
14.120000,13.120000,1028.205929,7.688018,-9.745408,1.500000,0
14.140000,13.140000,1028.358172,7.493238,-9.741032,1.500000,0
14.160000,13.160000,1028.504852,7.298440,-9.739712,1.500000,0
14.180000,13.180000,1028.651532,7.103729,-9.738392,1.500000,0
14.200000,13.200000,1028.789136,6.909081,-9.733278,1.500000,0
14.220000,13.220000,1028.926056,6.714548,-9.727878,1.500000,0
14.240000,13.240000,1029.058796,6.519926,-9.721790,1.500000,0
14.260000,13.260000,1029.185996,6.325558,-9.714790,1.500000,0
14.280000,13.280000,1029.313196,6.131295,-9.707790,1.500000,0
14.300000,13.300000,1029.431394,5.937006,-9.706370,1.500000,0
14.320000,13.320000,1029.548914,5.742943,-9.705370,1.500000,0
14.340000,13.340000,1029.662254,5.548928,-9.703441,1.500000,0
14.360000,13.360000,1029.770054,5.355115,-9.700281,1.500000,0
14.380000,13.380000,1029.877854,5.161421,-9.697121,1.500000,0
14.400000,13.400000,1029.976652,4.967426,-9.690092,1.500000,0
14.420000,13.420000,1030.074772,4.774013,-9.682772,1.500000,0
14.440000,13.440000,1030.168729,4.580287,-9.673302,1.500000,0
14.460000,13.460000,1030.257169,4.387154,-9.660982,1.500000,0
14.480000,13.480000,1030.345609,4.194211,-9.648662,1.500000,0
14.500000,13.500000,1030.425084,4.001164,-9.641327,1.500000,0
14.520000,13.520000,1030.503884,3.808571,-9.634367,1.500000,0
14.540000,13.540000,1030.578539,3.616297,-9.624277,1.500000,0
14.560000,13.560000,1030.647699,3.424103,-9.610037,1.500000,0
14.580000,13.580000,1030.716859,3.232116,-9.595797,1.500000,0
14.600000,13.600000,1030.777091,3.040375,-9.580924,1.500000,0
14.620000,13.620000,1030.836651,2.848795,-9.566004,1.500000,0
14.640000,13.640000,1030.892117,2.657942,-9.555522,1.500000,0
14.660000,13.660000,1030.942157,2.466748,-9.550922,1.500000,0
14.680000,13.680000,1030.992197,2.275716,-9.546322,1.500000,0
14.700000,13.700000,1031.033346,2.088343,-9.544847,1.500000,0
14.720000,13.720000,1031.073826,1.897336,-9.543607,1.500000,0
14.740000,13.740000,1031.110213,1.707855,-9.537654,1.500000,0
14.760000,13.760000,1031.141173,1.516886,-9.525454,1.500000,0
14.780000,13.780000,1031.172133,1.325687,-9.513254,1.500000,0
14.800000,13.800000,1031.194239,1.131523,-9.490452,1.500000,0
14.820000,13.820000,1031.215679,0.939909,-9.466852,1.500000,0
14.840000,13.840000,1031.233060,0.743241,-9.519740,1.500000,0
14.860000,13.860000,1031.245060,0.550704,-9.674020,1.500000,0
14.880000,13.880000,1031.257060,0.358311,-9.828300,1.500000,0
14.900000,13.900000,1031.261259,0.161782,-9.821854,1.500000,0
14.920000,13.920000,1031.263851,-0.031068,-9.802888,1.500000,0
14.940000,13.940000,1031.253861,-0.225527,-9.778727,1.500000,0
14.960000,13.960000,1031.243870,-0.419373,-9.754566,1.500000,0
14.980000,13.980000,1031.233880,-0.612607,-9.730405,1.500000,0
15.000000,14.000000,1031.223890,-0.805227,-9.706244,1.500000,0
15.020000,14.020000,1031.213900,-0.997234,-9.682083,1.500000,0
15.040000,14.040000,1031.184423,-1.192169,-9.643728,1.500000,0
15.060000,14.060000,1031.154549,-1.384106,-9.605083,1.500000,0
15.080000,14.080000,1031.124675,-1.575239,-9.566439,1.500000,0
15.100000,14.100000,1031.094801,-1.765566,-9.527794,1.500000,0
15.120000,14.120000,1031.064927,-1.955089,-9.489149,1.500000,0
15.140000,14.140000,1031.018920,-2.147495,-9.449431,1.500000,0
15.160000,14.160000,1030.969252,-2.336096,-9.409469,1.500000,0
15.180000,14.180000,1030.919584,-2.523769,-9.369507,1.500000,0
15.200000,14.200000,1030.869916,-2.710511,-9.329545,1.500000,0
15.220000,14.220000,1030.820247,-2.896324,-9.289583,1.500000,0
15.240000,14.240000,1030.759885,-3.084967,-9.246467,1.500000,0
15.260000,14.260000,1030.690414,-3.269266,-9.200665,1.500000,0
15.280000,14.280000,1030.620942,-3.452552,-9.154864,1.500000,0
15.300000,14.300000,1030.551470,-3.634824,-9.109062,1.500000,0
15.320000,14.320000,1030.481998,-3.816083,-9.063260,1.500000,0
15.340000,14.340000,1030.409655,-3.999220,-9.016562,1.500000,0
15.360000,14.360000,1030.320377,-4.178621,-8.964577,1.500000,0
15.380000,14.380000,1030.231099,-4.356956,-8.912591,1.500000,0
15.400000,14.400000,1030.141821,-4.534227,-8.860605,1.500000,0
15.420000,14.420000,1030.052543,-4.710431,-8.808620,1.500000,0
15.440000,14.440000,1029.963265,-4.885570,-8.756634,1.500000,0
15.460000,14.460000,1029.862032,-5.064286,-8.704179,1.500000,0
15.480000,14.480000,1029.752993,-5.237581,-8.651417,1.500000,0
15.500000,14.500000,1029.643955,-5.409734,-8.598654,1.500000,0
15.520000,14.520000,1029.534916,-5.580746,-8.545892,1.500000,0
15.540000,14.540000,1029.425878,-5.750616,-8.493130,1.500000,0
15.560000,14.560000,1029.316839,-5.919344,-8.440368,1.500000,0
15.580000,14.580000,1029.190519,-6.091485,-8.383737,1.500000,0
15.600000,14.600000,1029.061952,-6.258196,-8.326604,1.500000,0
15.620000,14.620000,1028.933385,-6.423697,-8.269471,1.500000,0
15.640000,14.640000,1028.804819,-6.587988,-8.212337,1.500000,0
15.660000,14.660000,1028.676252,-6.751069,-8.155204,1.500000,0
15.680000,14.680000,1028.547685,-6.912939,-8.098071,1.500000,0
15.700000,14.700000,1028.400343,-7.079048,-8.036483,1.500000,0
15.720000,14.720000,1028.252117,-7.238775,-7.974686,1.500000,0
15.740000,14.740000,1028.103890,-7.397219,-7.912888,1.500000,0
15.760000,14.760000,1027.955663,-7.554381,-7.851091,1.500000,0
15.780000,14.780000,1027.807437,-7.710261,-7.789293,1.500000,0
15.800000,14.800000,1027.659210,-7.864858,-7.727495,1.500000,0
15.820000,14.820000,1027.495810,-8.023141,-7.661976,1.500000,0
15.840000,14.840000,1027.328131,-8.175510,-7.595407,1.500000,0
15.860000,14.860000,1027.160452,-8.326533,-7.528838,1.500000,0
15.880000,14.880000,1026.992772,-8.476210,-7.462269,1.500000,0
15.900000,14.900000,1026.825093,-8.624541,-7.395700,1.500000,0
15.920000,14.920000,1026.657414,-8.771526,-7.329131,1.500000,0
15.940000,14.940000,1026.483943,-8.919947,-7.261642,1.500000,0
15.960000,14.960000,1026.296630,-9.064592,-7.191956,1.500000,0
15.980000,14.980000,1026.109318,-9.207850,-7.122269,1.500000,0
16.000000,15.000000,1025.922005,-9.349722,-7.052582,1.500000,0
16.020000,15.020000,1025.734693,-9.490206,-6.982895,1.500000,0
16.040000,15.040000,1025.547381,-9.629304,-6.913208,1.500000,0
16.060000,15.060000,1025.360068,-9.767015,-6.843521,1.500000,0
16.080000,15.080000,1025.164433,-9.902636,-6.772899,1.500000,0
16.100000,15.100000,1024.957767,-10.037738,-6.701035,1.500000,0
16.120000,15.120000,1024.751100,-10.171448,-6.629171,1.500000,0
16.140000,15.140000,1024.544433,-10.303766,-6.557307,1.500000,0
16.160000,15.160000,1024.337767,-10.434691,-6.485443,1.500000,0
16.180000,15.180000,1024.131100,-10.564224,-6.413579,1.500000,0
16.200000,15.200000,1023.924433,-10.692364,-6.341715,1.500000,0
16.220000,15.220000,1023.716214,-10.811649,-6.269837,1.500000,0
16.240000,15.240000,1023.490137,-10.936601,-6.197797,1.500000,0
16.260000,15.260000,1023.264061,-11.060214,-6.125756,1.500000,0
16.280000,15.280000,1023.037984,-11.182489,-6.053716,1.500000,0
16.300000,15.300000,1022.811908,-11.303425,-5.981676,1.500000,0
16.320000,15.320000,1022.585831,-11.423023,-5.909636,1.500000,0
16.340000,15.340000,1022.359754,-11.541282,-5.837596,1.500000,0
16.360000,15.360000,1022.133678,-11.658202,-5.765556,1.500000,0
16.380000,15.380000,1021.905409,-11.756893,-5.693696,1.500000,0
16.400000,15.400000,1021.660266,-11.869702,-5.623229,1.500000,0
16.420000,15.420000,1021.415124,-11.981295,-5.552761,1.500000,0
16.440000,15.440000,1021.169981,-12.091671,-5.482294,1.500000,0
16.460000,15.460000,1020.924838,-12.200830,-5.411826,1.500000,0
16.480000,15.480000,1020.679696,-12.308772,-5.341359,1.500000,0
16.500000,15.500000,1020.434553,-12.415497,-5.270891,1.500000,0
16.520000,15.520000,1020.189411,-12.521005,-5.200424,1.500000,0
16.540000,15.540000,1019.944268,-12.625296,-5.129956,1.500000,0
16.560000,15.560000,1019.692583,-12.705311,-5.061690,1.500000,0
16.580000,15.580000,1019.428475,-12.804416,-4.997602,1.500000,0
16.600000,15.600000,1019.164367,-12.902467,-4.933515,1.500000,0
16.620000,15.620000,1018.900259,-12.999465,-4.869428,1.500000,0
16.640000,15.640000,1018.636152,-13.095408,-4.805340,1.500000,0
16.660000,15.660000,1018.372044,-13.190298,-4.741253,1.500000,0
16.680000,15.680000,1018.107936,-13.284134,-4.677165,1.500000,0
16.700000,15.700000,1017.843828,-13.376916,-4.613078,1.500000,0
16.720000,15.720000,1017.579721,-13.468644,-4.548990,1.500000,0
16.740000,15.740000,1017.315613,-13.559319,-4.484903,1.500000,0
16.760000,15.760000,1017.042019,-13.625219,-4.421473,1.500000,0
16.780000,15.780000,1016.759311,-13.710007,-4.358676,1.500000,0
16.800000,15.800000,1016.476602,-13.793911,-4.295879,1.500000,0
16.820000,15.820000,1016.193894,-13.876930,-4.233081,1.500000,0
16.840000,15.840000,1015.911186,-13.959064,-4.170284,1.500000,0
16.860000,15.860000,1015.628478,-14.040313,-4.107487,1.500000,0
16.880000,15.880000,1015.345769,-14.120678,-4.044689,1.500000,0
16.900000,15.900000,1015.063061,-14.200158,-3.981892,1.500000,0
16.918000,15.918000,1014.808624,-14.270934,-3.925374,1.500000,0
